[Header],,,,,,,,,,,
IEMFileVersion,5,,,,,,,,,,
Investigator Name,NCGM,,,,,,,,,,
Experiment Name,SP_RUN10_08082021_10bpdual,,,,,,,,,,
Date,08/08/2021,,,,,,,,,,
Workflow,GenerateFASTQ,,,,,,,,,,
Application,NovaSeqFASTQOnly,,,,,,,,,,
Instrument Type,NovaSeq,,,,,,,,,,
Assay,TruSeqNanoDNA,,,,,,,,,,
Index Adapters,TruSeqDNACDIndexes(96Indexes),,,,,,,,,,
Description,S4_RUN10_08082021_8bpdual,,,,,,,,,,
Chemistry,Amplicon,,,,,,,,,,
,,,,,,,,,,,
[Reads],,,,,,,,,,,
159,,,,,,,,,,,
159,,,,,,,,,,,
,,,,,,,,,,,
[Settings],,,,,,,,,,,
,,,,,,,,,,,
[Data],,,,,,,,,,,
Lane,Sample_ID,Sample_Name,Sample_Plate,Sample_Well,Index_Plate_Well,I7_Index_ID,index,I5_Index_ID,index2,Sample_Project,Description
,108066000221A,10806600022-1-NCGM-1-PUNCH1-ORION-2-NEW-NCGMInc-9D375,,,A02,16_UDI_A02,TGCTCGACAG,,ACCAAGCCAA,,
,108066000231A,10806600023-1-NCGM-2-PUNCH1-ORION-2-NEW-NCGMInc-9D375,,,B02,16_UDI_B02,AGGTGTTCTA,,CTACGTTCTT,,
,1080660002221B,10806600022-2-NCGM-1-PUNCH2-ORION-2-NEW-NCGMInc-9D375,,,D02,16_UDI_D02,GAAGCAATAG,,GAATCGCACA,,
,108066000232B,10806600023-2-NCGM-2-PUNCH2-ORION-2-NEW-NCGMInc-9D375,,,E02,16_UDI_E02,GTTAATCGCT,,GAGCATTGAG,,
,108066000242AB,10806600024-2-NCGM-3-PUNCH2-ORION-2-NEW-NCGMInc-9D375,,,F02,16_UDI_F02,TGTAACTCCA,,CTGACAACAA,,
,10806600019,10806600019-4-NCGM-1-PUNCH4-OUR-EXTRACT-ORION-2-NEW-NCGMInc-9D375,,,G02,16_UDI_G02,CCAGTATCTA,,ACCGCGGATA,,
,10806600020,10806600020-4-NCGM-2-PUNCH4-OUR-EXTRACT-ORION-2-NEW-NCGMInc-9D375,,,H02,16_UDI_H02,GTTCTCATAG,,TCTTGCTGTG,,
,10806600021,10806600021-4-NCGM-3-PUNCH4-OUR-EXTRACT-ORION-2-NEW-NCGMInc-9D375,,,A01,16_UDI_A01,AGACGAAGTT,,AACGTGCTCG,,
